{
    "CORRECTED_DATA_amp_None": [
        1.3612867593765259,
        13.615710258483887
    ],
    "CORRECTED_DATA_phase_None": [
        -172.88787841796875,
        159.17984008789062
    ],
    "CORRECTED_DATA_real_None": [
        -5.173625946044922,
        12.121885299682617
    ]
}