{
    "CORRECTED_DATA_imag_None": [
        -4.496084213256836,
        5.000720024108887
    ],
    "CORRECTED_DATA_real_None": [
        -5.173625946044922,
        12.121885299682617
    ]
}