{
    "CORRECTED_DATAdivMODEL_DATA_imag_None": [
        -0.9242104291915894,
        0.6103822588920593
    ],
    "CORRECTED_DATAdivMODEL_DATA_real_None": [
        -0.18523529171943665,
        1.3931384086608887
    ]
}