{
    "CORRECTED_DATA_amp_None": [
        1.3612867593765259,
        13.615710258483887
    ],
    "CORRECTED_DATA_phase_None": [
        -172.88787841796875,
        159.17984008789062
    ],
    "UVW_UV_False": [
        170.37547885583427,
        42567.397548653964
    ],
    "UVW_U_False": [
        -37261.392725307436,
        37261.392725307436
    ],
    "UVW_V_False": [
        -22334.20726533211,
        22334.20726533211
    ]
}